{"stat.pickup.minecraft.double_plant":6,"stat.walkOneCm":94171,"stat.useItem.machinetryallium.hammer":38,"stat.leaveGame":1,"stat.mineBlock.minecraft.yellow_flower":5,"stat.mineBlock.minecraft.double_plant":41,"stat.mineBlock.minecraft.coal_ore":3,"stat.mineBlock.machinetryallium.taaffeitore":5,"stat.jump":44,"stat.swimOneCm":1257,"stat.pickup.minecraft.coal":5,"stat.fallOneCm":3727,"stat.pickup.machinetryallium.taaffeitore":1,"stat.pickup.machinetryallium.liquidetryallium":1,"stat.mineBlock.machinetryallium.tryalliumflower":1,"stat.pickup.minecraft.stone":7,"stat.pickup.minecraft.chicken":2,"stat.pickup.machinetryallium.machinetryallium":1,"stat.pickup.minecraft.dirt":6,"stat.useItem.minecraft.stone_slab2":7,"stat.pickup.minecraft.iron_ore":2,"stat.useItem.machinetryallium.hammer_fortune_3_smelt":10,"stat.pickup.minecraft.gold_ore":1,"stat.mineBlock.minecraft.lapis_ore":1,"stat.killEntity.Chicken":2,"stat.pickup.minecraft.feather":3,"stat.damageTaken":220,"stat.mineBlock.minecraft.red_flower":3,"stat.mineBlock.minecraft.obsidian":1,"stat.mineBlock.machinetryallium.machinetryallium":1,"stat.pickup.minecraft.cobblestone":148,"stat.mobKills":2,"stat.pickup.machinetryallium.tryalliumseed":1,"stat.pickup.minecraft.dye":4,"stat.useItem.machinetryallium.tryalliumblock":12,"stat.flyOneCm":27,"stat.useItem.machinetryallium.tryalliumseed":1,"stat.pickup.minecraft.wheat_seeds":85,"stat.pickup.minecraft.egg":4,"stat.playOneMinute":50312,"stat.pickup.minecraft.red_flower":3,"stat.sneakTime":24,"stat.damageDealt":90,"stat.mineBlock.minecraft.iron_ore":3,"stat.timeSinceDeath":50312,"stat.useItem.machinetryallium.tryalliumpickaxe":99,"stat.pickup.minecraft.yellow_flower":5,"stat.mineBlock.minecraft.dirt":6,"stat.mineBlock.minecraft.stone":196,"stat.mineBlock.minecraft.gold_ore":1,"stat.mineBlock.minecraft.tallgrass":812,"stat.useItem.machinetryallium.tryalliumsword":44,"stat.useItem.machinetryallium.hammer_speed_3":72}