{"stat.pickup.machinetryallium.tryalliumore":4,"stat.flyOneCm":40,"stat.mineBlock.machinetryallium.tryalliumore":4,"stat.walkOneCm":3837,"stat.jump":5,"stat.playOneMinute":10698,"stat.useItem.machinetryallium.hammer":58,"stat.fallOneCm":209,"stat.leaveGame":1,"stat.damageDealt":50,"stat.pickup.minecraft.stone":3,"stat.useItem.machinetryallium.tryalliumore":14,"stat.timeSinceDeath":10698,"stat.pickup.minecraft.dirt":4,"stat.sprintOneCm":63,"stat.mineBlock.minecraft.dirt":2,"stat.pickup.minecraft.cobblestone":26,"stat.useItem.minecraft.stone_slab2":1,"stat.mineBlock.minecraft.stone":50,"stat.mineBlock.minecraft.tallgrass":1,"stat.pickup.machinetryallium.tryalliumgem":2}