{
  "minecraft:recipes/decorations/chest": {
    "criteria": {
      "has_lots_of_items": "2020-05-18 16:44:35 +0200"
    },
    "done": true
  },
  "minecraft:adventure/adventuring_time": {
    "criteria": {
      "extreme_hills_with_trees": "2020-05-18 16:44:35 +0200",
      "extreme_hills": "2020-05-18 16:46:42 +0200",
      "stone_beach": "2020-05-18 16:47:28 +0200"
    },
    "done": false
  },
  "minecraft:story/root": {
    "criteria": {
      "crafting_table": "2020-05-18 16:44:35 +0200"
    },
    "done": true
  }
}