{
  "minecraft:husbandry/root": {
    "criteria": {
      "consumed_item": "2020-05-21 16:59:14 +0200"
    },
    "done": true
  },
  "minecraft:recipes/decorations/chest": {
    "criteria": {
      "has_lots_of_items": "2020-05-21 16:58:09 +0200"
    },
    "done": true
  },
  "minecraft:adventure/adventuring_time": {
    "criteria": {
      "extreme_hills": "2020-05-21 16:58:09 +0200"
    },
    "done": false
  },
  "minecraft:story/root": {
    "criteria": {
      "crafting_table": "2020-05-21 16:58:09 +0200"
    },
    "done": true
  }
}