{"stat.pickup.minecraft.sand":15,"stat.walkOneCm":7863,"stat.useItem.machinetryallium.hammer":6,"stat.useItem.machinetryallium.azuriteore":35,"stat.useItem.machinetryallium.taaffeitore":21,"stat.mineBlock.minecraft.fence":1,"stat.leaveGame":1,"stat.useItem.machinetryallium.hammersmelt":8,"stat.damageTaken":340,"stat.pickup.machinetryallium.azuriteore":5,"stat.pickup.minecraft.cobblestone":98,"stat.mineBlock.minecraft.coal_ore":8,"stat.mineBlock.machinetryallium.taaffeitore":3,"stat.mineBlock.minecraft.sandstone":48,"stat.pickup.minecraft.string":2,"stat.flyOneCm":3877,"stat.pickup.minecraft.sandstone":39,"stat.jump":20,"stat.mineBlock.minecraft.sand":28,"stat.pickup.minecraft.fence":1,"stat.playOneMinute":9841,"stat.pickup.minecraft.coal":8,"stat.mineBlock.machinetryallium.azuriteore":5,"stat.fallOneCm":2116,"stat.pickup.machinetryallium.taaffeitore":2,"stat.mineBlock.minecraft.web":6,"stat.pickup.minecraft.stone":39,"stat.timeSinceDeath":9841,"stat.pickup.minecraft.dirt":10,"stat.mineBlock.minecraft.dirt":5,"stat.sprintOneCm":32,"stat.useItem.machinetryallium.hammerspeed":247,"stat.mineBlock.minecraft.stone":161,"stat.mineBlock.minecraft.tallgrass":2,"stat.pickup.machinetryallium.azuriteingot":5,"stat.pickup.machinetryallium.taaffeitingot":3}