{"stat.pickup.machinetryallium.tryalliumore":7,"stat.mineBlock.minecraft.monster_egg":2,"stat.walkOneCm":18662,"stat.useItem.machinetryallium.azuriteore":12,"stat.useItem.machinetryallium.hammer":41,"stat.mineBlock.machinetryallium.caveblock":5,"stat.pickup.minecraft.gravel":1,"stat.leaveGame":1,"stat.useItem.machinetryallium.hammersmelt":95,"stat.drop.minecraft.redstone":14,"stat.pickup.minecraft.cobblestone":500,"stat.pickup.machinetryallium.azuriteore":8,"stat.mineBlock.machinetryallium.taaffeitore":4,"stat.flyOneCm":13031,"stat.mineBlock.machinetryallium.tryalliumore":9,"stat.drop":14,"stat.jump":43,"stat.useItem.machinetryallium.caveblock":22,"stat.playOneMinute":22829,"stat.mineBlock.machinetryallium.azuriteore":9,"stat.pickup.machinetryallium.taaffeitore":4,"stat.pickup.minecraft.stone":58,"stat.pickup.minecraft.redstone":14,"stat.mineBlock.minecraft.iron_ore":1,"stat.useItem.machinetryallium.tryalliumore":16,"stat.timeSinceDeath":22829,"stat.pickup.minecraft.dirt":9,"stat.pickup.machinetryallium.caveblock":5,"stat.sprintOneCm":1908,"stat.useItem.minecraft.stone_slab2":27,"stat.useItem.machinetryallium.hammerspeed":38,"stat.mineBlock.minecraft.stone":77,"stat.pickup.machinetryallium.azuriteingot":7,"stat.pickup.machinetryallium.tryalliumgem":8,"stat.pickup.minecraft.iron_ore":1}