{
  "group": "machinetryallium",
  "type": "minecraft:crafting_shaped",
  "pattern": [
    " 1 ",
    "345",
    " 7 "
  ],
  "key": {
    "1": {
      "item": "machinetryallium:tryalliumgem"
    },
    "3": {
      "item": "machinetryallium:tryalliumgem"
    },
    "4": {
      "item": "minecraft:lava_bucket"
    },
    "5": {
      "item": "machinetryallium:tryalliumgem"
    },
    "7": {
      "item": "machinetryallium:tryalliumgem"
    }
  },
  "result": {
    "item": "machinetryallium:strenghtpearl",
    "count": 1
  }
}