{
  "__comment": "Model generated using MrCrayfish's Model Creator (http://mrcrayfish.com/modelcreator/)",
  "__parent": "minecraft:block/block",
  "elements": [
    {
      "name": "Base",
      "from": [
        1.0,
        0.0,
        1.0
      ],
      "to": [
        15.0,
        10.0,
        15.0
      ],
      "faces": {
        "north": {
          "texture": "#0",
          "uv": [
            3.5,
            8.25,
            7.0,
            10.75
          ]
        },
        "east": {
          "texture": "#0",
          "uv": [
            0.0,
            8.25,
            3.5,
            10.75
          ]
        },
        "south": {
          "texture": "#0",
          "uv": [
            10.5,
            8.25,
            14.0,
            10.75
          ]
        },
        "west": {
          "texture": "#0",
          "uv": [
            7.0,
            8.25,
            10.5,
            10.75
          ]
        },
        "up": {
          "texture": "#0",
          "uv": [
            3.5,
            4.75,
            7.0,
            8.25
          ],
          "rotation": 180
        },
        "down": {
          "texture": "#0",
          "uv": [
            10.5,
            4.75,
            7.0,
            8.25
          ]
        }
      }
    },
    {
      "name": "Knob",
      "from": [
        7.0,
        8.0,
        0.0
      ],
      "to": [
        9.0,
        12.0,
        1.0
      ],
      "faces": {
        "north": {
          "texture": "#0",
          "uv": [
            0.25,
            0.25,
            0.75,
            1.25
          ]
        },
        "east": {
          "texture": "#0",
          "uv": [
            0.0,
            0.25,
            0.25,
            1.25
          ]
        },
        "south": {
          "texture": "#0",
          "uv": [
            1.0,
            0.25,
            1.5,
            1.25
          ]
        },
        "west": {
          "texture": "#0",
          "uv": [
            0.75,
            0.25,
            1.0,
            1.25
          ]
        },
        "up": {
          "texture": "#0",
          "uv": [
            0.75,
            0.0,
            0.25,
            0.25
          ]
        },
        "down": {
          "texture": "#0",
          "uv": [
            1.25,
            0.0,
            0.75,
            0.25
          ]
        }
      }
    },
    {
      "name": "Lid",
      "from": [
        1.0,
        9.0,
        1.0
      ],
      "to": [
        15.0,
        14.0,
        15.0
      ],
      "faces": {
        "north": {
          "texture": "#0",
          "uv": [
            3.5,
            3.5,
            7.0,
            4.75
          ]
        },
        "east": {
          "texture": "#0",
          "uv": [
            0.0,
            3.5,
            3.5,
            4.75
          ]
        },
        "south": {
          "texture": "#0",
          "uv": [
            10.5,
            3.5,
            14.0,
            4.75
          ]
        },
        "west": {
          "texture": "#0",
          "uv": [
            7.0,
            3.5,
            10.5,
            4.75
          ]
        },
        "up": {
          "texture": "#0",
          "uv": [
            3.5,
            0.0,
            7.0,
            3.5
          ],
          "rotation": 180
        },
        "down": {
          "texture": "#0",
          "uv": [
            10.5,
            0.0,
            7.0,
            3.5
          ]
        }
      }
    }
  ]
}