{"stat.flyOneCm":5946,"stat.walkOneCm":11166,"stat.drop":1,"stat.jump":32,"stat.pickup.machinetryallium.custom_furnace":1,"stat.playOneMinute":6874,"stat.fallOneCm":1507,"stat.leaveGame":1,"stat.sneakTime":12,"stat.damageTaken":19,"stat.furnaceInteraction":2,"stat.crouchOneCm":105,"stat.timeSinceDeath":6874,"stat.useItem.minecraft.furnace":4,"stat.drop.machinetryallium.custom_furnace":1,"stat.sprintOneCm":2943,"stat.useItem.minecraft.stone_slab2":4,"stat.pickup.minecraft.apple":2,"stat.pickup.minecraft.planks":62,"stat.pickup.minecraft.wheat":60}