{
  "_fv": 6,
  "_type": "potion",
  "definition": {
    "name": "Antichute",
    "effectName": "Antichute",
    "icon": "otion_danti-chute.png",
    "color": {
      "value": -205,
      "falpha": 0.0
    },
    "isInstant": true,
    "isBad": false,
    "isBenefitical": false,
    "registerPotionType": true,
    "curativeItems": [
      {
        "value": "Items.MILK_BUCKET"
      }
    ],
    "renderStatusInInventory": true,
    "renderStatusInHUD": true,
    "onActiveTick": {
      "name": "AntichuteOnPotionActiveTick"
    }
  }
}