{
  "_fv": 6,
  "_type": "gui",
  "definition": {
    "type": 1,
    "width": 352,
    "height": 332,
    "renderBgLayer": true,
    "components": [
      {
        "type": "inputslot",
        "data": {
          "inputLimit": {
            "value": ""
          },
          "id": 0,
          "name": "Slot #0",
          "x": 355,
          "y": 131
        }
      },
      {
        "type": "inputslot",
        "data": {
          "inputLimit": {
            "value": ""
          },
          "id": 1,
          "name": "Slot #1",
          "x": 473,
          "y": 131
        }
      },
      {
        "type": "image",
        "data": {
          "image": "capturededessiongui.png",
          "name": "capturededessiongui.png",
          "x": 390,
          "y": 138
        }
      }
    ]
  }
}