{
  "_fv": 6,
  "_type": "tool",
  "definition": {
    "renderType": 0,
    "texture": "azuriteseppes",
    "customModelName": "Normal",
    "name": "Azurite Pickaxe",
    "creativeTab": {
      "value": "CUSTOM:Tryalliummod"
    },
    "toolType": "Pickaxe",
    "harvestLevel": 2,
    "efficiency": 7.0,
    "attackSpeed": 4.0,
    "enchantability": 14,
    "damageVsEntity": 2.0,
    "usageCount": 1000,
    "blocksAffected": [],
    "hasGlow": false,
    "repairItems": [
      {
        "value": "CUSTOM:AzuriteIngot"
      }
    ]
  }
}