{
  "_fv": 6,
  "_type": "tool",
  "definition": {
    "renderType": 0,
    "texture": "aozef",
    "customModelName": "Normal",
    "name": "Azurite Sword",
    "creativeTab": {
      "value": "CUSTOM:Tryalliummod"
    },
    "toolType": "Sword",
    "harvestLevel": 2,
    "efficiency": 6.0,
    "attackSpeed": 2.0,
    "enchantability": 14,
    "damageVsEntity": 9.0,
    "usageCount": 600,
    "blocksAffected": [],
    "hasGlow": false,
    "repairItems": [
      {
        "value": "CUSTOM:AzuriteIngot"
      }
    ]
  }
}