{
  "_fv": 6,
  "_type": "armor",
  "definition": {
    "enableHelmet": true,
    "textureHelmet": "azurite_helmet",
    "enableBody": true,
    "textureBody": "azurite_chestplate",
    "enableLeggings": true,
    "textureLeggings": "azuleg",
    "enableBoots": true,
    "textureBoots": "bottenazurite",
    "creativeTab": {
      "value": "CUSTOM:Tryalliummod"
    },
    "armorTextureFile": "azurite_",
    "helmetName": "Azurite Helmet",
    "bodyName": "Azurite Chestplate",
    "leggingsName": "Azurite Leggings",
    "bootsName": "Azurite Boots",
    "helmetModelName": "Default",
    "helmetModelPart": "Helmet",
    "helmetModelTexture": "From armor",
    "bodyModelName": "Default",
    "bodyModelPart": "Body",
    "bodyModelTexture": "From armor",
    "leggingsModelName": "Default",
    "leggingsModelPartL": "Leggings L",
    "leggingsModelPartR": "Leggings R",
    "leggingsModelTexture": "From armor",
    "bootsModelName": "Default",
    "bootsModelPartL": "Boots L",
    "bootsModelPartR": "Boots R",
    "bootsModelTexture": "From armor",
    "maxDamage": 15,
    "damageValueHelmet": 4,
    "damageValueBody": 7,
    "damageValueLeggings": 7,
    "damageValueBoots": 4,
    "enchantability": 9,
    "toughness": 1.0,
    "equipSound": {
      "value": ""
    },
    "repairItems": [
      {
        "value": "CUSTOM:AzuriteIngot"
      }
    ]
  }
}