{
  "_fv": 6,
  "_type": "tool",
  "definition": {
    "renderType": 0,
    "texture": "azurite_shovel",
    "customModelName": "Normal",
    "name": "Azurite Shovel",
    "creativeTab": {
      "value": "CUSTOM:Tryalliummod"
    },
    "toolType": "Spade",
    "harvestLevel": 2,
    "efficiency": 7.0,
    "attackSpeed": 4.0,
    "enchantability": 14,
    "damageVsEntity": 2.0,
    "usageCount": 700,
    "blocksAffected": [],
    "hasGlow": false,
    "repairItems": [
      {
        "value": "CUSTOM:AzuriteIngot"
      }
    ]
  }
}