{
  "_fv": 6,
  "_type": "recipe",
  "definition": {
    "recipeType": "Crafting",
    "xpReward": 0.0,
    "recipeRetstackSize": 6,
    "group": "",
    "recipeShapeless": false,
    "recipeSlots": [
      {
        "value": "CUSTOM:AzuriteIngot"
      },
      {
        "value": "CUSTOM:AzuriteIngot"
      },
      {
        "value": "CUSTOM:Tryalliumstick"
      },
      {
        "value": "CUSTOM:AzuriteIngot"
      },
      {
        "value": "CUSTOM:Tryalliumstick"
      },
      {
        "value": "CUSTOM:TaaffeitIngot"
      },
      {
        "value": "CUSTOM:Tryalliumstick"
      },
      {
        "value": "CUSTOM:TaaffeitIngot"
      },
      {
        "value": "CUSTOM:TaaffeitIngot"
      }
    ],
    "recipeReturnStack": {
      "value": "CUSTOM:Dynamite"
    },
    "name": "dynamitereciper",
    "namespace": "mod"
  }
}