{
  "_fv": 6,
  "_type": "gun",
  "definition": {
    "renderType": 0,
    "texture": "dynamite",
    "customModelName": "Normal",
    "name": "Dynamite",
    "creativeTab": {
      "value": "CUSTOM:Tryalliummod"
    },
    "stackSize": 16,
    "ammoItem": {
      "value": ""
    },
    "shootConstantly": false,
    "usageCount": 1,
    "actionSound": {
      "value": "entity.enderdragon.hurt"
    },
    "hasGlow": false,
    "enableMeleeDamage": true,
    "damageVsEntity": 3.0,
    "bulletPower": 1.0,
    "bulletDamage": 5.0,
    "bulletKnockback": 5,
    "bulletParticles": false,
    "bulletIgnitesFire": false,
    "bulletItemTexture": {
      "value": "CUSTOM:Dynamite"
    },
    "bulletModel": "Default",
    "customBulletModelTexture": "",
    "onBulletHitsBlock": {
      "name": "DynamiteBulletHitsBlock"
    }
  }
}