{
  "_fv": 6,
  "_type": "plant",
  "definition": {
    "renderType": 12,
    "texture": "tryallium_stage_2",
    "customModelName": "Cross model",
    "plantType": "normal",
    "growapableSpawnType": "Water",
    "growapableMaxHeight": 3,
    "name": "Flower3",
    "creativeTab": {
      "value": "CUSTOM:Tryalliummod"
    },
    "hardness": 0.0,
    "resistance": 0.0,
    "luminance": 0.0,
    "unbreakable": false,
    "soundOnStep": {
      "value": "GROUND"
    },
    "customDrop": {
      "value": ""
    },
    "dropAmount": 1,
    "isReplaceable": false,
    "colorOnMap": "DEFAULT",
    "creativePickItem": {
      "value": ""
    },
    "flammability": 0,
    "fireSpreadSpeed": 0,
    "frequencyOnChunks": 0,
    "spawnWorldTypes": [
      "Surface"
    ],
    "restrictionBiomes": [],
    "onTickUpdate": {
      "name": "Flower3UpdateTick"
    }
  }
}