{
  "_fv": 6,
  "_type": "tool",
  "definition": {
    "renderType": 0,
    "texture": "hammer",
    "customModelName": "Normal",
    "name": "Hammer_speed",
    "creativeTab": {
      "value": "No creative tab entry"
    },
    "toolType": "MultiTool",
    "harvestLevel": 1,
    "efficiency": 7.0,
    "attackSpeed": 10.0,
    "enchantability": 0,
    "damageVsEntity": 0.0,
    "usageCount": 1200,
    "blocksAffected": [],
    "hasGlow": false,
    "repairItems": [],
    "onBlockDestroyedWithTool": {
      "name": "Hammerspeeddetruitblock"
    }
  }
}