{
  "_fv": 6,
  "_type": "tool",
  "definition": {
    "renderType": 0,
    "texture": "hammer",
    "customModelName": "Normal",
    "name": "Hammer_speed_3",
    "creativeTab": {
      "value": "No creative tab entry"
    },
    "toolType": "MultiTool",
    "harvestLevel": 1,
    "efficiency": 35.0,
    "attackSpeed": 16.0,
    "enchantability": 0,
    "damageVsEntity": 0.0,
    "usageCount": 1500,
    "blocksAffected": [],
    "hasGlow": false,
    "repairItems": [],
    "onBlockDestroyedWithTool": {
      "name": "Hammerspeed3BlockDestroyedWithTool"
    }
  }
}