{
  "_fv": 6,
  "_type": "recipe",
  "definition": {
    "recipeType": "Crafting",
    "xpReward": 0.0,
    "recipeRetstackSize": 1,
    "group": "",
    "recipeShapeless": false,
    "recipeSlots": [
      {
        "value": "Blocks.COBBLESTONE"
      },
      {
        "value": "Blocks.COBBLESTONE"
      },
      {
        "value": "Blocks.COBBLESTONE"
      },
      {
        "value": "Blocks.COBBLESTONE"
      },
      {
        "value": "Items.DIAMOND"
      },
      {
        "value": "Blocks.COBBLESTONE"
      },
      {
        "value": "Blocks.COBBLESTONE"
      },
      {
        "value": "Blocks.COBBLESTONE"
      },
      {
        "value": "Blocks.COBBLESTONE"
      }
    ],
    "recipeReturnStack": {
      "value": "CUSTOM:Machinetryallium"
    },
    "name": "machinetryalliumrecipe",
    "namespace": "mod"
  }
}