{
  "_fv": 6,
  "_type": "gui",
  "definition": {
    "type": 1,
    "width": 352,
    "height": 332,
    "renderBgLayer": true,
    "components": [
      {
        "type": "inputslot",
        "data": {
          "inputLimit": {
            "value": ""
          },
          "color": {
            "value": -3407821,
            "falpha": 0.0
          },
          "id": 0,
          "name": "Slot #0",
          "x": 299,
          "y": 103
        }
      },
      {
        "type": "inputslot",
        "data": {
          "inputLimit": {
            "value": ""
          },
          "color": {
            "value": -3407821,
            "falpha": 0.0
          },
          "id": 1,
          "name": "Slot #1",
          "x": 353,
          "y": 102
        }
      },
      {
        "type": "outputslot",
        "data": {
          "color": {
            "value": -3407821,
            "falpha": 0.0
          },
          "id": 2,
          "name": "Slot #2",
          "x": 328,
          "y": 161
        }
      }
    ]
  }
}