{
  "_fv": 6,
  "_type": "gui",
  "definition": {
    "type": 1,
    "width": 372,
    "height": 372,
    "renderBgLayer": true,
    "components": [
      {
        "type": "inputslot",
        "data": {
          "inputLimit": {
            "value": ""
          },
          "color": {
            "value": -16711783,
            "falpha": 0.0
          },
          "id": 0,
          "name": "Slot #0",
          "x": 451,
          "y": 98
        }
      },
      {
        "type": "inputslot",
        "data": {
          "inputLimit": {
            "value": ""
          },
          "color": {
            "value": -16711783,
            "falpha": 0.0
          },
          "id": 1,
          "name": "Slot #1",
          "x": 511,
          "y": 98
        }
      },
      {
        "type": "outputslot",
        "data": {
          "id": 2,
          "name": "Slot #2",
          "x": 480,
          "y": 176
        }
      },
      {
        "type": "image",
        "data": {
          "image": "logo.png",
          "name": "logo.png",
          "x": 246,
          "y": 62
        }
      },
      {
        "type": "label",
        "data": {
          "text": "Tryamachine",
          "color": {
            "value": -65536,
            "falpha": 0.0
          },
          "name": "Tryamachine",
          "x": 497,
          "y": 66
        }
      }
    ]
  }
}