{
  "_fv": 6,
  "_type": "gun",
  "definition": {
    "renderType": 0,
    "texture": "stone_pearl",
    "customModelName": "Normal",
    "name": "Perle de teleportation",
    "creativeTab": {
      "value": "CUSTOM:Tryalliummod"
    },
    "stackSize": 1,
    "ammoItem": {
      "value": "Blocks.AIR"
    },
    "shootConstantly": false,
    "usageCount": 30,
    "actionSound": {
      "value": "entity.arrow.shoot"
    },
    "hasGlow": false,
    "enableMeleeDamage": false,
    "damageVsEntity": 0.0,
    "bulletPower": 1.0,
    "bulletDamage": 0.0,
    "bulletKnockback": 0,
    "bulletParticles": false,
    "bulletIgnitesFire": false,
    "bulletItemTexture": {
      "value": "CUSTOM:Perledeteleportation"
    },
    "bulletModel": "Default",
    "customBulletModelTexture": "",
    "onBulletHitsBlock": {
      "name": "PerledeteleportationBulletHitsBlock"
    }
  }
}