{
  "_fv": 6,
  "_type": "recipe",
  "definition": {
    "recipeType": "Crafting",
    "xpReward": 0.0,
    "recipeRetstackSize": 1,
    "group": "",
    "recipeShapeless": false,
    "recipeSlots": [
      {
        "value": ""
      },
      {
        "value": "CUSTOM:TryalliumGem"
      },
      {
        "value": ""
      },
      {
        "value": "CUSTOM:TryalliumGem"
      },
      {
        "value": "Items.LAVA_BUCKET"
      },
      {
        "value": "CUSTOM:TryalliumGem"
      },
      {
        "value": ""
      },
      {
        "value": "CUSTOM:TryalliumGem"
      },
      {
        "value": ""
      }
    ],
    "recipeReturnStack": {
      "value": "CUSTOM:Strenghtpearl"
    },
    "name": "perle1",
    "namespace": "mod"
  }
}