{
  "_fv": 6,
  "_type": "recipe",
  "definition": {
    "recipeType": "Crafting",
    "xpReward": 0.0,
    "recipeRetstackSize": 1,
    "group": "",
    "recipeShapeless": false,
    "recipeSlots": [
      {
        "value": "Items.DIAMOND"
      },
      {
        "value": "Blocks.SAPLING"
      },
      {
        "value": "Items.DIAMOND"
      },
      {
        "value": "Blocks.SAPLING"
      },
      {
        "value": "CUSTOM:TaaffeitOreBlock"
      },
      {
        "value": "Blocks.SAPLING"
      },
      {
        "value": "Items.DIAMOND"
      },
      {
        "value": "Blocks.SAPLING"
      },
      {
        "value": "Items.DIAMOND"
      }
    ],
    "recipeReturnStack": {
      "value": "CUSTOM:Healthpearl"
    },
    "name": "perle3",
    "namespace": "mod"
  }
}