{
  "_fv": 6,
  "_type": "tool",
  "definition": {
    "renderType": 0,
    "texture": "taaffeite_axe",
    "customModelName": "Normal",
    "name": "Taaffeit Axe",
    "creativeTab": {
      "value": "CUSTOM:Tryalliummod"
    },
    "toolType": "Axe",
    "harvestLevel": 2,
    "efficiency": 6.0,
    "attackSpeed": 3.0,
    "enchantability": 14,
    "damageVsEntity": 6.0,
    "usageCount": 600,
    "blocksAffected": [],
    "hasGlow": false,
    "repairItems": [
      {
        "value": "CUSTOM:TaaffeitIngot"
      }
    ]
  }
}