{
  "_fv": 6,
  "_type": "tool",
  "definition": {
    "renderType": 0,
    "texture": "taaffeite_sword",
    "customModelName": "Normal",
    "name": "Taaffeit Sword",
    "creativeTab": {
      "value": "CUSTOM:Tryalliummod"
    },
    "toolType": "Sword",
    "harvestLevel": 2,
    "efficiency": 6.0,
    "attackSpeed": 1.0,
    "enchantability": 14,
    "damageVsEntity": 7.0,
    "usageCount": 250,
    "blocksAffected": [],
    "hasGlow": false,
    "repairItems": [
      {
        "value": "CUSTOM:TaaffeitIngot"
      }
    ]
  }
}