{
  "_fv": 6,
  "_type": "armor",
  "definition": {
    "enableHelmet": true,
    "textureHelmet": "taaffeite_helmet",
    "enableBody": true,
    "textureBody": "taaffeite_chestplate",
    "enableLeggings": true,
    "textureLeggings": "taaffeite_leggings",
    "enableBoots": true,
    "textureBoots": "taaffeite_boots",
    "creativeTab": {
      "value": "CUSTOM:Tryalliummod"
    },
    "armorTextureFile": "taaffeite_",
    "helmetName": "Taaffeite Helmet",
    "bodyName": "Taaffeite chestplate",
    "leggingsName": "Taaffeite Leggings",
    "bootsName": "Taaffeite Boots",
    "helmetModelName": "Default",
    "helmetModelPart": "Helmet",
    "helmetModelTexture": "From armor",
    "bodyModelName": "Default",
    "bodyModelPart": "Body",
    "bodyModelTexture": "From armor",
    "leggingsModelName": "Default",
    "leggingsModelPartL": "Leggings L",
    "leggingsModelPartR": "Leggings R",
    "leggingsModelTexture": "From armor",
    "bootsModelName": "Default",
    "bootsModelPartL": "Boots L",
    "bootsModelPartR": "Boots R",
    "bootsModelTexture": "From armor",
    "maxDamage": 42,
    "damageValueHelmet": 4,
    "damageValueBody": 7,
    "damageValueLeggings": 6,
    "damageValueBoots": 3,
    "enchantability": 9,
    "toughness": 0.0,
    "equipSound": {
      "value": ""
    },
    "repairItems": [
      {
        "value": "CUSTOM:TaaffeitIngot"
      }
    ]
  }
}