{
  "_fv": 6,
  "_type": "armor",
  "definition": {
    "enableHelmet": true,
    "textureHelmet": "tryallium_helmet",
    "enableBody": true,
    "textureBody": "tryallium_chestplate",
    "enableLeggings": true,
    "textureLeggings": "legging",
    "enableBoots": true,
    "textureBoots": "botte",
    "onHelmetTick": {
      "name": "TryalliumHelmetTickEvent"
    },
    "onBodyTick": {
      "name": "TryalliumBodyTickEvent"
    },
    "onLeggingsTick": {
      "name": "TryalliumLeggingsTickEvent"
    },
    "onBootsTick": {
      "name": "TryalliumBootsTickEvent"
    },
    "creativeTab": {
      "value": "CUSTOM:Tryalliummod"
    },
    "armorTextureFile": "tryallium_",
    "helmetName": "Tryallium Helmet",
    "bodyName": "Tryallium chestplate",
    "leggingsName": "Tryallium Leggings",
    "bootsName": "Tryallium Boots",
    "helmetModelName": "Default",
    "helmetModelPart": "Helmet",
    "helmetModelTexture": "From armor",
    "bodyModelName": "Default",
    "bodyModelPart": "Body",
    "bodyModelTexture": "From armor",
    "leggingsModelName": "Default",
    "leggingsModelPartL": "Leggings L",
    "leggingsModelPartR": "Leggings R",
    "leggingsModelTexture": "From armor",
    "bootsModelName": "Default",
    "bootsModelPartL": "Boots L",
    "bootsModelPartR": "Boots R",
    "bootsModelTexture": "From armor",
    "maxDamage": 30,
    "damageValueHelmet": 5,
    "damageValueBody": 10,
    "damageValueLeggings": 7,
    "damageValueBoots": 4,
    "enchantability": 9,
    "toughness": 2.0,
    "equipSound": {
      "value": ""
    },
    "repairItems": [
      {
        "value": "CUSTOM:TryalliumGem"
      }
    ]
  }
}