{
  "_fv": 6,
  "_type": "gun",
  "definition": {
    "renderType": 0,
    "texture": "tryallium_bow",
    "customModelName": "Normal",
    "name": "Tryalliumbow",
    "creativeTab": {
      "value": "CUSTOM:Tryalliummod"
    },
    "stackSize": 1,
    "ammoItem": {
      "value": ""
    },
    "shootConstantly": false,
    "usageCount": 100,
    "actionSound": {
      "value": "entity.arrow.shoot"
    },
    "hasGlow": false,
    "enableMeleeDamage": true,
    "damageVsEntity": 3.0,
    "bulletPower": 1.0,
    "bulletDamage": 5.0,
    "bulletKnockback": 1,
    "bulletParticles": true,
    "bulletIgnitesFire": false,
    "bulletItemTexture": {
      "value": "Items.ARROW"
    },
    "bulletModel": "Default",
    "customBulletModelTexture": ""
  }
}