{
  "_fv": 6,
  "_type": "gui",
  "definition": {
    "type": 1,
    "width": 372,
    "height": 372,
    "renderBgLayer": true,
    "components": [
      {
        "type": "inputslot",
        "data": {
          "inputLimit": {
            "value": ""
          },
          "color": {
            "value": -16711732,
            "falpha": 0.0
          },
          "id": 0,
          "name": "Slot #0",
          "x": 437,
          "y": 100
        }
      },
      {
        "type": "inputslot",
        "data": {
          "inputLimit": {
            "value": ""
          },
          "color": {
            "value": -16711732,
            "falpha": 0.0
          },
          "id": 1,
          "name": "Slot #1",
          "x": 494,
          "y": 101
        }
      },
      {
        "type": "outputslot",
        "data": {
          "id": 2,
          "name": "Slot #2",
          "x": 467,
          "y": 166
        }
      },
      {
        "type": "label",
        "data": {
          "text": "Tryamachine",
          "color": {
            "value": -65536,
            "falpha": 0.0
          },
          "name": "Tryamachine",
          "x": 494,
          "y": 64
        }
      },
      {
        "type": "image",
        "data": {
          "image": "logo.png",
          "name": "logo.png",
          "x": 257,
          "y": 62
        }
      }
    ]
  }
}