{
  "_fv": 6,
  "_type": "gui",
  "definition": {
    "type": 1,
    "width": 520,
    "height": 410,
    "renderBgLayer": true,
    "components": [
      {
        "type": "inputslot",
        "data": {
          "inputLimit": {
            "value": ""
          },
          "id": 0,
          "name": "Slot #0",
          "x": 212,
          "y": 86
        }
      },
      {
        "type": "inputslot",
        "data": {
          "inputLimit": {
            "value": ""
          },
          "id": 1,
          "name": "Slot #1",
          "x": 251,
          "y": 87
        }
      },
      {
        "type": "inputslot",
        "data": {
          "inputLimit": {
            "value": ""
          },
          "id": 2,
          "name": "Slot #2",
          "x": 288,
          "y": 86
        }
      },
      {
        "type": "inputslot",
        "data": {
          "inputLimit": {
            "value": ""
          },
          "id": 3,
          "name": "Slot #3",
          "x": 326,
          "y": 86
        }
      },
      {
        "type": "inputslot",
        "data": {
          "inputLimit": {
            "value": ""
          },
          "id": 4,
          "name": "Slot #4",
          "x": 364,
          "y": 86
        }
      },
      {
        "type": "inputslot",
        "data": {
          "inputLimit": {
            "value": ""
          },
          "id": 5,
          "name": "Slot #5",
          "x": 402,
          "y": 86
        }
      },
      {
        "type": "inputslot",
        "data": {
          "inputLimit": {
            "value": ""
          },
          "id": 6,
          "name": "Slot #6",
          "x": 440,
          "y": 87
        }
      },
      {
        "type": "inputslot",
        "data": {
          "inputLimit": {
            "value": ""
          },
          "id": 7,
          "name": "Slot #7",
          "x": 479,
          "y": 86
        }
      },
      {
        "type": "inputslot",
        "data": {
          "inputLimit": {
            "value": ""
          },
          "id": 8,
          "name": "Slot #8",
          "x": 517,
          "y": 86
        }
      },
      {
        "type": "inputslot",
        "data": {
          "inputLimit": {
            "value": ""
          },
          "id": 9,
          "name": "Slot #9",
          "x": 555,
          "y": 86
        }
      },
      {
        "type": "inputslot",
        "data": {
          "inputLimit": {
            "value": ""
          },
          "id": 10,
          "name": "Slot #10",
          "x": 594,
          "y": 86
        }
      },
      {
        "type": "inputslot",
        "data": {
          "inputLimit": {
            "value": ""
          },
          "id": 11,
          "name": "Slot #11",
          "x": 175,
          "y": 87
        }
      },
      {
        "type": "inputslot",
        "data": {
          "inputLimit": {
            "value": ""
          },
          "id": 13,
          "name": "Slot #13",
          "x": 174,
          "y": 124
        }
      },
      {
        "type": "inputslot",
        "data": {
          "inputLimit": {
            "value": ""
          },
          "id": 14,
          "name": "Slot #14",
          "x": 211,
          "y": 124
        }
      },
      {
        "type": "inputslot",
        "data": {
          "inputLimit": {
            "value": ""
          },
          "id": 15,
          "name": "Slot #15",
          "x": 249,
          "y": 124
        }
      },
      {
        "type": "inputslot",
        "data": {
          "inputLimit": {
            "value": ""
          },
          "id": 16,
          "name": "Slot #16",
          "x": 289,
          "y": 124
        }
      },
      {
        "type": "inputslot",
        "data": {
          "inputLimit": {
            "value": ""
          },
          "id": 17,
          "name": "Slot #17",
          "x": 326,
          "y": 124
        }
      },
      {
        "type": "inputslot",
        "data": {
          "inputLimit": {
            "value": ""
          },
          "id": 18,
          "name": "Slot #18",
          "x": 365,
          "y": 124
        }
      },
      {
        "type": "inputslot",
        "data": {
          "inputLimit": {
            "value": ""
          },
          "id": 19,
          "name": "Slot #19",
          "x": 402,
          "y": 124
        }
      },
      {
        "type": "inputslot",
        "data": {
          "inputLimit": {
            "value": ""
          },
          "id": 20,
          "name": "Slot #20",
          "x": 440,
          "y": 124
        }
      },
      {
        "type": "inputslot",
        "data": {
          "inputLimit": {
            "value": ""
          },
          "id": 21,
          "name": "Slot #21",
          "x": 478,
          "y": 124
        }
      },
      {
        "type": "inputslot",
        "data": {
          "inputLimit": {
            "value": ""
          },
          "id": 22,
          "name": "Slot #22",
          "x": 516,
          "y": 124
        }
      },
      {
        "type": "inputslot",
        "data": {
          "inputLimit": {
            "value": ""
          },
          "id": 23,
          "name": "Slot #23",
          "x": 555,
          "y": 125
        }
      },
      {
        "type": "inputslot",
        "data": {
          "inputLimit": {
            "value": ""
          },
          "id": 24,
          "name": "Slot #24",
          "x": 594,
          "y": 124
        }
      },
      {
        "type": "inputslot",
        "data": {
          "inputLimit": {
            "value": ""
          },
          "id": 26,
          "name": "Slot #26",
          "x": 174,
          "y": 161
        }
      },
      {
        "type": "inputslot",
        "data": {
          "inputLimit": {
            "value": ""
          },
          "id": 27,
          "name": "Slot #27",
          "x": 210,
          "y": 160
        }
      },
      {
        "type": "inputslot",
        "data": {
          "inputLimit": {
            "value": ""
          },
          "id": 28,
          "name": "Slot #28",
          "x": 248,
          "y": 161
        }
      },
      {
        "type": "inputslot",
        "data": {
          "inputLimit": {
            "value": ""
          },
          "id": 29,
          "name": "Slot #29",
          "x": 287,
          "y": 160
        }
      },
      {
        "type": "inputslot",
        "data": {
          "inputLimit": {
            "value": ""
          },
          "id": 30,
          "name": "Slot #30",
          "x": 326,
          "y": 160
        }
      },
      {
        "type": "inputslot",
        "data": {
          "inputLimit": {
            "value": ""
          },
          "id": 31,
          "name": "Slot #31",
          "x": 364,
          "y": 160
        }
      },
      {
        "type": "inputslot",
        "data": {
          "inputLimit": {
            "value": ""
          },
          "id": 32,
          "name": "Slot #32",
          "x": 402,
          "y": 160
        }
      },
      {
        "type": "inputslot",
        "data": {
          "inputLimit": {
            "value": ""
          },
          "id": 33,
          "name": "Slot #33",
          "x": 440,
          "y": 161
        }
      },
      {
        "type": "inputslot",
        "data": {
          "inputLimit": {
            "value": ""
          },
          "id": 34,
          "name": "Slot #34",
          "x": 478,
          "y": 160
        }
      },
      {
        "type": "inputslot",
        "data": {
          "inputLimit": {
            "value": ""
          },
          "id": 35,
          "name": "Slot #35",
          "x": 517,
          "y": 161
        }
      },
      {
        "type": "inputslot",
        "data": {
          "inputLimit": {
            "value": ""
          },
          "id": 36,
          "name": "Slot #36",
          "x": 554,
          "y": 161
        }
      },
      {
        "type": "inputslot",
        "data": {
          "inputLimit": {
            "value": ""
          },
          "id": 37,
          "name": "Slot #37",
          "x": 594,
          "y": 160
        }
      },
      {
        "type": "inputslot",
        "data": {
          "inputLimit": {
            "value": ""
          },
          "id": 48,
          "name": "Slot #48",
          "x": 175,
          "y": 47
        }
      },
      {
        "type": "inputslot",
        "data": {
          "inputLimit": {
            "value": ""
          },
          "id": 757,
          "name": "Slot #757",
          "x": 212,
          "y": 47
        }
      },
      {
        "type": "inputslot",
        "data": {
          "inputLimit": {
            "value": ""
          },
          "id": 58549,
          "name": "Slot #58549",
          "x": 250,
          "y": 47
        }
      },
      {
        "type": "inputslot",
        "data": {
          "inputLimit": {
            "value": ""
          },
          "id": 446,
          "name": "Slot #446",
          "x": 289,
          "y": 46
        }
      },
      {
        "type": "inputslot",
        "data": {
          "inputLimit": {
            "value": ""
          },
          "id": 6694,
          "name": "Slot #6694",
          "x": 326,
          "y": 47
        }
      },
      {
        "type": "inputslot",
        "data": {
          "inputLimit": {
            "value": ""
          },
          "id": 9945,
          "name": "Slot #9945",
          "x": 365,
          "y": 46
        }
      },
      {
        "type": "inputslot",
        "data": {
          "inputLimit": {
            "value": ""
          },
          "id": 98498,
          "name": "Slot #98498",
          "x": 402,
          "y": 46
        }
      },
      {
        "type": "inputslot",
        "data": {
          "inputLimit": {
            "value": ""
          },
          "id": 855,
          "name": "Slot #855",
          "x": 440,
          "y": 47
        }
      },
      {
        "type": "inputslot",
        "data": {
          "inputLimit": {
            "value": ""
          },
          "id": 4198498,
          "name": "Slot #4198498",
          "x": 479,
          "y": 47
        }
      },
      {
        "type": "inputslot",
        "data": {
          "inputLimit": {
            "value": ""
          },
          "id": 4172,
          "name": "Slot #4172",
          "x": 516,
          "y": 47
        }
      },
      {
        "type": "inputslot",
        "data": {
          "inputLimit": {
            "value": ""
          },
          "id": 899,
          "name": "Slot #899",
          "x": 555,
          "y": 47
        }
      },
      {
        "type": "inputslot",
        "data": {
          "inputLimit": {
            "value": ""
          },
          "id": 57858,
          "name": "Slot #57858",
          "x": 594,
          "y": 46
        }
      },
      {
        "type": "button",
        "data": {
          "text": "1",
          "onClick": {
            "name": "Ouvrecoffe2"
          },
          "width": 20,
          "height": 40,
          "name": "1",
          "x": 658,
          "y": 50
        }
      }
    ]
  }
}