{
  "_fv": 6,
  "_type": "tool",
  "definition": {
    "renderType": 0,
    "texture": "tryallium_pickaxe",
    "customModelName": "Normal",
    "name": "Tryalliumpickaxe",
    "creativeTab": {
      "value": "CUSTOM:Tryalliummod"
    },
    "toolType": "Pickaxe",
    "harvestLevel": 1,
    "efficiency": 12.0,
    "attackSpeed": 18.0,
    "enchantability": 14,
    "damageVsEntity": 4.0,
    "usageCount": 1200,
    "blocksAffected": [],
    "hasGlow": false,
    "repairItems": [
      {
        "value": "CUSTOM:TryalliumGem"
      }
    ]
  }
}