{
  "_fv": 6,
  "_type": "gui",
  "definition": {
    "type": 1,
    "width": 380,
    "height": 352,
    "renderBgLayer": true,
    "components": [
      {
        "type": "inputslot",
        "data": {
          "inputLimit": {
            "value": ""
          },
          "id": 1,
          "name": "Slot #1",
          "x": 251,
          "y": 87
        }
      },
      {
        "type": "inputslot",
        "data": {
          "inputLimit": {
            "value": ""
          },
          "id": 2,
          "name": "Slot #2",
          "x": 288,
          "y": 86
        }
      },
      {
        "type": "inputslot",
        "data": {
          "inputLimit": {
            "value": ""
          },
          "id": 3,
          "name": "Slot #3",
          "x": 326,
          "y": 86
        }
      },
      {
        "type": "inputslot",
        "data": {
          "inputLimit": {
            "value": ""
          },
          "id": 4,
          "name": "Slot #4",
          "x": 364,
          "y": 86
        }
      },
      {
        "type": "inputslot",
        "data": {
          "inputLimit": {
            "value": ""
          },
          "id": 5,
          "name": "Slot #5",
          "x": 402,
          "y": 86
        }
      },
      {
        "type": "inputslot",
        "data": {
          "inputLimit": {
            "value": ""
          },
          "id": 6,
          "name": "Slot #6",
          "x": 440,
          "y": 87
        }
      },
      {
        "type": "inputslot",
        "data": {
          "inputLimit": {
            "value": ""
          },
          "id": 7,
          "name": "Slot #7",
          "x": 479,
          "y": 86
        }
      },
      {
        "type": "inputslot",
        "data": {
          "inputLimit": {
            "value": ""
          },
          "id": 8,
          "name": "Slot #8",
          "x": 517,
          "y": 86
        }
      },
      {
        "type": "inputslot",
        "data": {
          "inputLimit": {
            "value": ""
          },
          "id": 9,
          "name": "Slot #9",
          "x": 555,
          "y": 86
        }
      },
      {
        "type": "inputslot",
        "data": {
          "inputLimit": {
            "value": ""
          },
          "id": 15,
          "name": "Slot #15",
          "x": 249,
          "y": 124
        }
      },
      {
        "type": "inputslot",
        "data": {
          "inputLimit": {
            "value": ""
          },
          "id": 16,
          "name": "Slot #16",
          "x": 289,
          "y": 124
        }
      },
      {
        "type": "inputslot",
        "data": {
          "inputLimit": {
            "value": ""
          },
          "id": 17,
          "name": "Slot #17",
          "x": 326,
          "y": 124
        }
      },
      {
        "type": "inputslot",
        "data": {
          "inputLimit": {
            "value": ""
          },
          "id": 18,
          "name": "Slot #18",
          "x": 365,
          "y": 124
        }
      },
      {
        "type": "inputslot",
        "data": {
          "inputLimit": {
            "value": ""
          },
          "id": 19,
          "name": "Slot #19",
          "x": 402,
          "y": 124
        }
      },
      {
        "type": "inputslot",
        "data": {
          "inputLimit": {
            "value": ""
          },
          "id": 20,
          "name": "Slot #20",
          "x": 440,
          "y": 124
        }
      },
      {
        "type": "inputslot",
        "data": {
          "inputLimit": {
            "value": ""
          },
          "id": 21,
          "name": "Slot #21",
          "x": 478,
          "y": 124
        }
      },
      {
        "type": "inputslot",
        "data": {
          "inputLimit": {
            "value": ""
          },
          "id": 22,
          "name": "Slot #22",
          "x": 516,
          "y": 124
        }
      },
      {
        "type": "inputslot",
        "data": {
          "inputLimit": {
            "value": ""
          },
          "id": 23,
          "name": "Slot #23",
          "x": 555,
          "y": 125
        }
      },
      {
        "type": "inputslot",
        "data": {
          "inputLimit": {
            "value": ""
          },
          "id": 28,
          "name": "Slot #28",
          "x": 248,
          "y": 161
        }
      },
      {
        "type": "inputslot",
        "data": {
          "inputLimit": {
            "value": ""
          },
          "id": 29,
          "name": "Slot #29",
          "x": 287,
          "y": 160
        }
      },
      {
        "type": "inputslot",
        "data": {
          "inputLimit": {
            "value": ""
          },
          "id": 30,
          "name": "Slot #30",
          "x": 326,
          "y": 160
        }
      },
      {
        "type": "inputslot",
        "data": {
          "inputLimit": {
            "value": ""
          },
          "id": 31,
          "name": "Slot #31",
          "x": 364,
          "y": 160
        }
      },
      {
        "type": "inputslot",
        "data": {
          "inputLimit": {
            "value": ""
          },
          "id": 32,
          "name": "Slot #32",
          "x": 402,
          "y": 160
        }
      },
      {
        "type": "inputslot",
        "data": {
          "inputLimit": {
            "value": ""
          },
          "id": 33,
          "name": "Slot #33",
          "x": 440,
          "y": 161
        }
      },
      {
        "type": "inputslot",
        "data": {
          "inputLimit": {
            "value": ""
          },
          "id": 34,
          "name": "Slot #34",
          "x": 478,
          "y": 160
        }
      },
      {
        "type": "inputslot",
        "data": {
          "inputLimit": {
            "value": ""
          },
          "id": 35,
          "name": "Slot #35",
          "x": 517,
          "y": 161
        }
      },
      {
        "type": "inputslot",
        "data": {
          "inputLimit": {
            "value": ""
          },
          "id": 36,
          "name": "Slot #36",
          "x": 554,
          "y": 161
        }
      },
      {
        "type": "button",
        "data": {
          "text": "2",
          "onClick": {
            "name": "Ouvrecofrre1"
          },
          "width": 10,
          "height": 40,
          "name": "2",
          "x": 596,
          "y": 89
        }
      }
    ]
  }
}