{
	"credit": "Made with Blockbench",
	"textures": {
		"3": "Desktop/dark_oak_planks"
	},
	"elements": [
		{
			"from": [7, 0, 15],
			"to": [8, 16, 16],
			"faces": {
				"north": {"uv": [0, 0, 1, 16], "texture": "#3"},
				"east": {"uv": [0, 0, 1, 16], "texture": "#3"},
				"south": {"uv": [0, 0, 1, 16], "texture": "#3"},
				"west": {"uv": [0, 0, 1, 16], "texture": "#3"},
				"up": {"uv": [0, 0, 1, 1], "texture": "#3"},
				"down": {"uv": [0, 0, 1, 1], "texture": "#3"}
			}
		},
		{
			"from": [8, 0, 15],
			"to": [16, 1, 16],
			"faces": {
				"north": {"uv": [0, 0, 8, 1], "texture": "#3"},
				"east": {"uv": [0, 0, 1, 1], "texture": "#3"},
				"south": {"uv": [0, 0, 8, 1], "texture": "#3"},
				"west": {"uv": [0, 0, 1, 1], "texture": "#missing"},
				"up": {"uv": [0, 0, 8, 1], "texture": "#3"},
				"down": {"uv": [0, 0, 8, 1], "texture": "#3"}
			}
		},
		{
			"from": [-1, 9, 15],
			"to": [0, 11, 16],
			"faces": {
				"north": {"uv": [0, 0, 8, 1], "texture": "#3"},
				"east": {"uv": [0, 0, 1, 1], "texture": "#3"},
				"south": {"uv": [0, 0, 8, 1], "texture": "#3"},
				"west": {"uv": [0, 0, 1, 1], "texture": "#3"},
				"up": {"uv": [0, 0, 8, 1], "texture": "#3"},
				"down": {"uv": [0, 0, 8, 1], "texture": "#3"}
			}
		},
		{
			"from": [15, 1, 15],
			"to": [16, 3, 16],
			"faces": {
				"north": {"uv": [0, 0, 8, 1], "texture": "#3"},
				"east": {"uv": [0, 0, 1, 1], "texture": "#3"},
				"south": {"uv": [0, 0, 8, 1], "texture": "#3"},
				"west": {"uv": [0, 0, 1, 1], "texture": "#3"},
				"up": {"uv": [0, 0, 8, 1], "texture": "#3"},
				"down": {"uv": [0, 0, 8, 1], "texture": "#3"}
			}
		},
		{
			"from": [-1, 8, 15],
			"to": [7, 9, 16],
			"faces": {
				"north": {"uv": [0, 0, 8, 1], "texture": "#3"},
				"east": {"uv": [0, 0, 1, 1], "texture": "#missing"},
				"south": {"uv": [0, 0, 8, 1], "texture": "#3"},
				"west": {"uv": [0, 0, 1, 1], "texture": "#3"},
				"up": {"uv": [0, 0, 8, 1], "texture": "#3"},
				"down": {"uv": [0, 0, 8, 1], "texture": "#3"}
			}
		}
	]
}