{
	"credit": "Made with Blockbench",
	"textures": {
		"3": "Desktop/dark_oak_planks",
		"4": "Desktop/stripped_oak_log"
	},
	"elements": [
		{
			"from": [0, 0, 15],
			"to": [16, 16, 16],
			"faces": {
				"north": {"uv": [0, 0, 16, 16], "texture": "#3"},
				"east": {"uv": [0, 0, 1, 16], "texture": "#4"},
				"south": {"uv": [0, 0, 16, 16], "texture": "#3"},
				"west": {"uv": [0, 0, 1, 16], "texture": "#4"},
				"up": {"uv": [0, 0, 16, 1], "texture": "#4"},
				"down": {"uv": [0, 0, 16, 1], "texture": "#4"}
			}
		}
	]
}