{"stat.pickup.minecraft.rotten_flesh":3,"stat.pickup.minecraft.string":1,"stat.flyOneCm":10912,"stat.killEntity.Skeleton":1,"stat.walkOneCm":5924,"stat.pickup.minecraft.bone":2,"stat.jump":56,"stat.playOneMinute":2856,"stat.fallOneCm":671,"stat.leaveGame":1,"stat.damageTaken":49,"stat.pickup.machinetryallium.liquidetryallium":4,"stat.killEntity.Spider":1,"stat.damageDealt":877,"stat.mineBlock.machinetryallium.tryalliumflower":8,"stat.killEntity.Zombie":2,"stat.timeSinceDeath":2856,"stat.sprintOneCm":10210,"stat.mobKills":4,"stat.mineBlock.minecraft.tallgrass":1,"stat.pickup.machinetryallium.tryalliumseed":8,"stat.useItem.machinetryallium.tryalliumsword":22}