{"stat.killEntity.Skeleton":1,"stat.walkOneCm":7834,"stat.mineBlock.minecraft.lapis_ore":5,"stat.useItem.machinetryallium.hammer":14,"stat.pickup.minecraft.gravel":3,"stat.leaveGame":1,"stat.damageTaken":6,"stat.useItem.machinetryallium.tryalliumaxe":3,"stat.pickup.minecraft.cobblestone":192,"stat.mobKills":1,"stat.pickup.machinetryallium.azuriteore":11,"stat.mineBlock.minecraft.coal_ore":9,"stat.pickup.minecraft.dye":28,"stat.flyOneCm":40,"stat.jump":1,"stat.playOneMinute":5356,"stat.pickup.minecraft.coal":8,"stat.fallOneCm":269,"stat.mineBlock.machinetryallium.azuriteore":11,"stat.mineBlock.minecraft.gravel":3,"stat.damageDealt":200,"stat.pickup.minecraft.stone":17,"stat.mineBlock.minecraft.iron_ore":2,"stat.timeSinceDeath":5356,"stat.useItem.machinetryallium.tryalliumpickaxe":241,"stat.pickup.minecraft.dirt":3,"stat.mineBlock.minecraft.dirt":3,"stat.sprintOneCm":750,"stat.mineBlock.minecraft.stone":215,"stat.mineBlock.minecraft.tallgrass":3,"stat.pickup.minecraft.iron_ore":2}