{
  "minecraft:recipes/tools/fishing_rod": {
    "criteria": {
      "has_string": "2021-01-28 20:56:56 +0100"
    },
    "done": true
  },
  "minecraft:recipes/misc/bone_meal_from_bone": {
    "criteria": {
      "has_bone": "2021-01-28 20:56:15 +0100"
    },
    "done": true
  },
  "minecraft:recipes/combat/bow": {
    "criteria": {
      "has_string": "2021-01-28 20:56:56 +0100"
    },
    "done": true
  },
  "minecraft:recipes/building_blocks/string_to_wool": {
    "criteria": {
      "has_string": "2021-01-28 20:56:56 +0100"
    },
    "done": true
  },
  "minecraft:recipes/decorations/chest": {
    "criteria": {
      "has_lots_of_items": "2021-01-28 20:56:15 +0100"
    },
    "done": true
  },
  "minecraft:adventure/root": {
    "criteria": {
      "killed_something": "2021-01-28 20:56:14 +0100"
    },
    "done": true
  },
  "minecraft:adventure/kill_a_mob": {
    "criteria": {
      "skeleton": "2021-01-28 20:56:14 +0100"
    },
    "done": true
  },
  "minecraft:adventure/kill_all_mobs": {
    "criteria": {
      "skeleton": "2021-01-28 20:56:14 +0100",
      "zombie": "2021-01-28 20:56:16 +0100",
      "spider": "2021-01-28 20:56:55 +0100"
    },
    "done": false
  },
  "minecraft:recipes/redstone/tripwire_hook": {
    "criteria": {
      "has_string": "2021-01-28 20:56:56 +0100"
    },
    "done": true
  },
  "minecraft:adventure/adventuring_time": {
    "criteria": {
      "beaches": "2021-01-28 20:56:25 +0100",
      "plains": "2021-01-28 20:54:43 +0100"
    },
    "done": false
  }
}